PRAGMA foreign_keys=OFF;
BEGIN TRANSACTION;
CREATE TABLE android_metadata (locale TEXT);
INSERT INTO android_metadata VALUES('en_US');
CREATE TABLE `User` (`userId` INTEGER PRIMARY KEY AUTOINCREMENT NOT NULL, `login` TEXT NOT NULL, `password` TEXT NOT NULL);
INSERT INTO User VALUES(1,'abc','abc');
INSERT INTO User VALUES(2,'user','user');
CREATE TABLE `Test` (`testId` INTEGER PRIMARY KEY AUTOINCREMENT NOT NULL, `name` TEXT NOT NULL);
INSERT INTO Test VALUES(1,'Тест по информатике');
INSERT INTO Test VALUES(2,'Математический тест');
CREATE TABLE `Question` (`questionId` INTEGER PRIMARY KEY AUTOINCREMENT NOT NULL, `text` TEXT NOT NULL, `isRadio` INTEGER NOT NULL);
INSERT INTO Question VALUES(1,'Сколько байт занимает число одинарной точности?',1);
INSERT INTO Question VALUES(2,'Чему равна мощность алфавита <abcd>?',1);
INSERT INTO Question VALUES(3,'Сколько байт занимает число двойной точности?',1);
INSERT INTO Question VALUES(4,'Сколько мегабайт в одном гигабайте?',1);
INSERT INTO Question VALUES(5,'Сколько бит в байте?',1);
INSERT INTO Question VALUES(6,'2 + 2',1);
INSERT INTO Question VALUES(7,'5 - 2',1);
INSERT INTO Question VALUES(8,'3 * 4',1);
INSERT INTO Question VALUES(9,'12 / 4',1);
INSERT INTO Question VALUES(10,'10 + 3',1);
CREATE TABLE `QuestionOption` (`questionOptionId` INTEGER PRIMARY KEY AUTOINCREMENT NOT NULL, `questionId` INTEGER NOT NULL, `text` TEXT NOT NULL);
INSERT INTO QuestionOption VALUES(1,1,'1');
INSERT INTO QuestionOption VALUES(2,1,'2');
INSERT INTO QuestionOption VALUES(3,1,'4');
INSERT INTO QuestionOption VALUES(4,1,'8');
INSERT INTO QuestionOption VALUES(5,2,'2');
INSERT INTO QuestionOption VALUES(6,2,'4');
INSERT INTO QuestionOption VALUES(7,2,'8');
INSERT INTO QuestionOption VALUES(8,2,'16');
INSERT INTO QuestionOption VALUES(9,3,'1');
INSERT INTO QuestionOption VALUES(10,3,'2');
INSERT INTO QuestionOption VALUES(11,3,'4');
INSERT INTO QuestionOption VALUES(12,3,'8');
INSERT INTO QuestionOption VALUES(13,4,'8');
INSERT INTO QuestionOption VALUES(14,4,'64');
INSERT INTO QuestionOption VALUES(15,4,'1000');
INSERT INTO QuestionOption VALUES(16,4,'1024');
INSERT INTO QuestionOption VALUES(17,5,'2');
INSERT INTO QuestionOption VALUES(18,5,'8');
INSERT INTO QuestionOption VALUES(19,5,'16');
INSERT INTO QuestionOption VALUES(20,5,'1024');
INSERT INTO QuestionOption VALUES(21,6,'3');
INSERT INTO QuestionOption VALUES(22,6,'4');
INSERT INTO QuestionOption VALUES(23,6,'5');
INSERT INTO QuestionOption VALUES(24,6,'6');
INSERT INTO QuestionOption VALUES(25,7,'1');
INSERT INTO QuestionOption VALUES(26,7,'2');
INSERT INTO QuestionOption VALUES(27,7,'3');
INSERT INTO QuestionOption VALUES(28,7,'4');
INSERT INTO QuestionOption VALUES(29,8,'8');
INSERT INTO QuestionOption VALUES(30,8,'12');
INSERT INTO QuestionOption VALUES(31,8,'16');
INSERT INTO QuestionOption VALUES(32,8,'20');
INSERT INTO QuestionOption VALUES(33,9,'1');
INSERT INTO QuestionOption VALUES(34,9,'2');
INSERT INTO QuestionOption VALUES(35,9,'3');
INSERT INTO QuestionOption VALUES(36,9,'4');
INSERT INTO QuestionOption VALUES(37,10,'10');
INSERT INTO QuestionOption VALUES(38,10,'11');
INSERT INTO QuestionOption VALUES(39,10,'12');
INSERT INTO QuestionOption VALUES(40,10,'13');
CREATE TABLE `QuestionAnswer` (`questionAnswerId` INTEGER PRIMARY KEY AUTOINCREMENT NOT NULL, `index` INTEGER NOT NULL, `questionId` INTEGER NOT NULL DEFAULT 1);
INSERT INTO QuestionAnswer VALUES(1,3,1);
INSERT INTO QuestionAnswer VALUES(2,2,2);
INSERT INTO QuestionAnswer VALUES(3,4,3);
INSERT INTO QuestionAnswer VALUES(4,4,4);
INSERT INTO QuestionAnswer VALUES(5,2,5);
INSERT INTO QuestionAnswer VALUES(6,2,6);
INSERT INTO QuestionAnswer VALUES(7,3,7);
INSERT INTO QuestionAnswer VALUES(8,2,8);
INSERT INTO QuestionAnswer VALUES(9,3,9);
INSERT INTO QuestionAnswer VALUES(10,4,10);
CREATE TABLE `UserTestCrossRef` (`userId` INTEGER NOT NULL, `testId` INTEGER NOT NULL, PRIMARY KEY(`userId`, `testId`));
INSERT INTO UserTestCrossRef VALUES(1,1);
INSERT INTO UserTestCrossRef VALUES(1,2);
INSERT INTO UserTestCrossRef VALUES(2,1);
INSERT INTO UserTestCrossRef VALUES(2,2);
CREATE TABLE `TestQuestionCrossRef` (`testId` INTEGER NOT NULL, `questionId` INTEGER NOT NULL, PRIMARY KEY(`testId`, `questionId`));
INSERT INTO TestQuestionCrossRef VALUES(1,1);
INSERT INTO TestQuestionCrossRef VALUES(1,2);
INSERT INTO TestQuestionCrossRef VALUES(1,3);
INSERT INTO TestQuestionCrossRef VALUES(1,4);
INSERT INTO TestQuestionCrossRef VALUES(1,5);
INSERT INTO TestQuestionCrossRef VALUES(2,6);
INSERT INTO TestQuestionCrossRef VALUES(2,7);
INSERT INTO TestQuestionCrossRef VALUES(2,8);
INSERT INTO TestQuestionCrossRef VALUES(2,9);
INSERT INTO TestQuestionCrossRef VALUES(2,10);
CREATE TABLE room_master_table (id INTEGER PRIMARY KEY,identity_hash TEXT);
INSERT INTO room_master_table VALUES(42,'e698ab4dc907ed06eeffd8d718de090e');
DELETE FROM sqlite_sequence;
INSERT INTO sqlite_sequence VALUES('User',2);
INSERT INTO sqlite_sequence VALUES('Test',2);
INSERT INTO sqlite_sequence VALUES('Question',10);
INSERT INTO sqlite_sequence VALUES('QuestionAnswer',10);
INSERT INTO sqlite_sequence VALUES('QuestionOption',40);
CREATE UNIQUE INDEX `index_User_login` ON `User` (`login`);
CREATE UNIQUE INDEX `index_Test_name` ON `Test` (`name`);
CREATE UNIQUE INDEX `index_Question_text` ON `Question` (`text`);
COMMIT;