PRAGMA foreign_keys=OFF;
BEGIN TRANSACTION;
CREATE TABLE android_metadata (locale TEXT);
INSERT INTO android_metadata VALUES('en_US');
CREATE TABLE `User` (`userId` INTEGER PRIMARY KEY AUTOINCREMENT NOT NULL, `login` TEXT NOT NULL, `password` TEXT NOT NULL);
INSERT INTO User VALUES(1,'abc','abc');
INSERT INTO User VALUES(2,'user','user');
CREATE TABLE `Test` (`testId` INTEGER PRIMARY KEY AUTOINCREMENT NOT NULL, `name` TEXT NOT NULL);
INSERT INTO Test VALUES(1,'Тест по информатике');
INSERT INTO Test VALUES(2,'Математический тест');
CREATE TABLE `Question` (`questionId` INTEGER PRIMARY KEY AUTOINCREMENT NOT NULL, `text` TEXT NOT NULL, `isRadio` INTEGER NOT NULL);
INSERT INTO Question VALUES(1,'Сколько байт занимает число одинарной точности?',1);
INSERT INTO Question VALUES(2,'Чему равна мощность алфавита <abcd>?',1);
INSERT INTO Question VALUES(3,'Сколько байт занимает число двойной точности?',1);
INSERT INTO Question VALUES(4,'Сколько мегабайт в одном гигабайте?',1);
INSERT INTO Question VALUES(5,'Сколько бит в байте?',1);
INSERT INTO Question VALUES(6,'2 + 2',1);
INSERT INTO Question VALUES(7,'5 - 2',1);
INSERT INTO Question VALUES(8,'3 * 4',1);
INSERT INTO Question VALUES(9,'12 / 4',1);
INSERT INTO Question VALUES(10,'10 + 3',1);
CREATE TABLE `QuestionOption` (`questionOptionId` INTEGER PRIMARY KEY AUTOINCREMENT NOT NULL, `questionId` INTEGER NOT NULL, `text` TEXT NOT NULL);
CREATE TABLE `QuestionAnswer` (`questionAnswerId` INTEGER PRIMARY KEY AUTOINCREMENT NOT NULL, `index` INTEGER NOT NULL);
CREATE TABLE `UserTestCrossRef` (`userId` INTEGER NOT NULL, `testId` INTEGER NOT NULL, PRIMARY KEY(`userId`, `testId`));
INSERT INTO UserTestCrossRef VALUES(1,1);
INSERT INTO UserTestCrossRef VALUES(1,2);
INSERT INTO UserTestCrossRef VALUES(2,1);
INSERT INTO UserTestCrossRef VALUES(2,2);
CREATE TABLE `TestQuestionCrossRef` (`testId` INTEGER NOT NULL, `questionId` INTEGER NOT NULL, PRIMARY KEY(`testId`, `questionId`));
INSERT INTO TestQuestionCrossRef VALUES(1,1);
INSERT INTO TestQuestionCrossRef VALUES(1,2);
INSERT INTO TestQuestionCrossRef VALUES(1,3);
INSERT INTO TestQuestionCrossRef VALUES(1,4);
INSERT INTO TestQuestionCrossRef VALUES(1,5);
INSERT INTO TestQuestionCrossRef VALUES(2,6);
INSERT INTO TestQuestionCrossRef VALUES(2,7);
INSERT INTO TestQuestionCrossRef VALUES(2,8);
INSERT INTO TestQuestionCrossRef VALUES(2,9);
INSERT INTO TestQuestionCrossRef VALUES(2,10);
CREATE TABLE room_master_table (id INTEGER PRIMARY KEY,identity_hash TEXT);
INSERT INTO room_master_table VALUES(42,'9b7d7ed64645ed24ce06c3e9c18c1645');
DELETE FROM sqlite_sequence;
INSERT INTO sqlite_sequence VALUES('User',2);
INSERT INTO sqlite_sequence VALUES('Test',2);
INSERT INTO sqlite_sequence VALUES('Question',10);
CREATE UNIQUE INDEX `index_User_login` ON `User` (`login`);
CREATE UNIQUE INDEX `index_Test_name` ON `Test` (`name`);
CREATE UNIQUE INDEX `index_Question_text` ON `Question` (`text`);
COMMIT;